username, note, date
a123,The Company is Doing Good!,"Sun, Oct 13, 2024"
a123,Tell Me more?,"Sun, Oct 13, 2024"
a123,Amz stocks Fell today,"Sun, Oct 13, 2024"
a123,Need to buy AMZ Stocks Monday,"Sat, Oct 12, 2024"
a123,Need to buy AMZ Stocks Monday,"Sun, Oct 13, 2024"
a123,JNJ gave a dividend of $1.50 per share today,"Sun, Oct 13, 2024"
q12322M,fgjhbunygmjkuituhr6ghyutj,"Sun, Oct 13, 2024"
SSSS,IBM IS DOIN SO GOOD!!!!!!!!!!!!!!!,"Sun, Oct 13, 2024"
test156,The P/e for IBM is XXX,"Sun, Oct 13, 2024"
test369,"Important Ratios: P/e, yield and ROI","Sun, Oct 13, 2024"
sample369,Sample Note,"Sun, Oct 13, 2024"
sample369,Another note,"Sun, Oct 13, 2024"
sample369,The notes are still here,"Sun, Oct 13, 2024"
